trade_date,code,name,price,pct_chg,turnover,volume_ratio,market_cap,score,risk_level,tier,action,recommendation_type,holding_period,execution_status,execution_note,min_order_shares,strategy_name,strategy_stage,buy_zone,stop_loss,target_price
2026-06-30,603005,晶方科技,53.87,10.01,12.54,1.23,35132000000.0,62.53,高,C,WATCH,LIMIT_REVIEW,1-3个交易日,BLOCKED_LIMIT_UP,距离涨停阈值仅 -0.01 个百分点，按难以买入处理,100,涨停后承接复盘,POST_LIMIT_REVIEW,52.47-53.38,50.75,56.67
2026-06-30,000100,TCL科技,5.82,10.02,5.78,1.26,121061000000.0,58.29,高,C,WATCH,LIMIT_REVIEW,1-3个交易日,BLOCKED_LIMIT_UP,距离涨停阈值仅 -0.02 个百分点，按难以买入处理,100,涨停后承接复盘,POST_LIMIT_REVIEW,5.67-5.77,5.48,6.12
2026-06-30,002310,东方新能,2.39,10.14,2.29,2.14,14338000000.0,35.42,高,C,WATCH,LIMIT_REVIEW,1-3个交易日,BLOCKED_LIMIT_UP,距离涨停阈值仅 -0.14 个百分点，按难以买入处理,100,涨停后承接复盘,POST_LIMIT_REVIEW,2.33-2.37,2.25,2.51
2026-06-30,000056,*ST皇庭,2.28,5.07,0.91,0.35,2696000000.0,28.82,高,C,WATCH,LIMIT_REVIEW,1-3个交易日,BLOCKED_LIMIT_UP,距离涨停阈值仅 -0.07 个百分点，按难以买入处理,100,涨停后承接复盘,POST_LIMIT_REVIEW,2.22-2.26,2.15,2.43
2026-06-30,002208,合肥城建,19.79,7.67,13.14,2.31,15897000000.0,88.0,高,B,TRADE,SPECULATIVE_BUY_CANDIDATE,1-3个交易日,BUYABLE,未贴近涨停价，按限价单可执行候选处理,100,强势回踩/放量突破,ENTRY_SETUP,19.28-19.61,18.64,20.82
2026-06-30,601689,拓普集团,56.48,7.89,2.54,2.24,98153000000.0,88.0,中,A,TRADE,BUY_CANDIDATE,1-3个交易日,BUYABLE,未贴近涨停价，按限价单可执行候选处理,100,强势回踩/放量突破,ENTRY_SETUP,55.46-56.12,53.94,59.42
2026-06-30,002050,三花智控,43.96,6.52,2.39,1.71,184984000000.0,88.0,中,A,TRADE,BUY_CANDIDATE,1-3个交易日,BUYABLE,未贴近涨停价，按限价单可执行候选处理,100,强势回踩/放量突破,ENTRY_SETUP,43.17-43.68,41.98,46.25
2026-06-30,002896,中大力德,75.98,5.88,4.76,1.53,14932000000.0,88.0,中,A,TRADE,BUY_CANDIDATE,1-3个交易日,BUYABLE,未贴近涨停价，按限价单可执行候选处理,100,强势回踩/放量突破,ENTRY_SETUP,74.61-75.50,72.56,79.93
2026-06-30,000338,潍柴动力,27.79,6.11,1.79,1.52,240721000000.0,88.0,中,A,TRADE,BUY_CANDIDATE,1-3个交易日,BUYABLE,未贴近涨停价，按限价单可执行候选处理,100,强势回踩/放量突破,ENTRY_SETUP,27.29-27.61,26.54,29.24
2026-06-30,002579,中京电子,21.97,7.17,18.37,1.5,13459000000.0,88.0,中,A,TRADE,BUY_CANDIDATE,1-3个交易日,BUYABLE,未贴近涨停价，按限价单可执行候选处理,100,强势回踩/放量突破,ENTRY_SETUP,21.57-21.83,20.98,23.11
2026-06-30,002031,巨轮智能,5.61,5.06,4.35,1.33,12339000000.0,88.0,中,A,TRADE,BUY_CANDIDATE,1-3个交易日,BUYABLE,未贴近涨停价，按限价单可执行候选处理,100,强势回踩/放量突破,ENTRY_SETUP,5.51-5.57,5.36,5.97
2026-06-30,002745,木林森,12.51,5.75,6.47,1.2,18567000000.0,88.0,中,A,TRADE,BUY_CANDIDATE,1-3个交易日,BUYABLE,未贴近涨停价，按限价单可执行候选处理,100,强势回踩/放量突破,ENTRY_SETUP,12.28-12.43,11.95,13.32
2026-06-30,603629,利通电子,186.85,5.65,7.55,1.11,49014000000.0,88.0,中,A,TRADE,BUY_CANDIDATE,1-3个交易日,BUYABLE,未贴近涨停价，按限价单可执行候选处理,100,强势回踩/放量突破,ENTRY_SETUP,183.49-185.67,178.44,199.0
2026-06-30,002938,鹏鼎控股,107.79,6.72,1.35,1.01,249807000000.0,88.0,高,B,TRADE,SPECULATIVE_BUY_CANDIDATE,1-3个交易日,BUYABLE,未贴近涨停价，按限价单可执行候选处理,100,强势回踩/放量突破,ENTRY_SETUP,104.99-106.81,101.54,113.4
2026-06-30,002436,兴森科技,52.15,6.43,5.21,0.97,88638000000.0,88.0,中,A,TRADE,BUY_CANDIDATE,1-3个交易日,BUYABLE,未贴近涨停价，按限价单可执行候选处理,100,强势回踩/放量突破,ENTRY_SETUP,51.21-51.82,49.8,54.86
2026-06-30,002056,横店东磁,30.6,6.14,2.86,0.92,49777000000.0,88.0,中,A,TRADE,BUY_CANDIDATE,1-3个交易日,BUYABLE,未贴近涨停价，按限价单可执行候选处理,100,强势回踩/放量突破,ENTRY_SETUP,30.05-30.41,29.22,32.19
2026-06-30,002897,意华股份,86.72,8.43,6.3,1.23,16813000000.0,87.97,中,A,TRADE,BUY_CANDIDATE,1-3个交易日,BUYABLE,未贴近涨停价，按限价单可执行候选处理,100,强势回踩/放量突破,ENTRY_SETUP,85.16-86.17,82.82,91.23
2026-06-30,300223,北京君正,251.91,4.07,9.35,1.45,121840000000.0,82.0,低,A,TRADE,BUY_CANDIDATE,1-3个交易日,BUYABLE,未贴近涨停价，按限价单可执行候选处理,100,强势回踩/放量突破,ENTRY_SETUP,248.89-250.85,243.09,268.28
2026-06-30,600198,大唐电信,9.59,3.79,3.3,1.35,12502000000.0,82.0,低,A,TRADE,BUY_CANDIDATE,1-3个交易日,BUYABLE,未贴近涨停价，按限价单可执行候选处理,100,强势回踩/放量突破,ENTRY_SETUP,9.47-9.55,9.25,10.21
2026-06-30,600237,铜峰电子,13.42,3.15,10.49,1.29,8461000000.0,82.0,低,A,TRADE,BUY_CANDIDATE,1-3个交易日,BUYABLE,未贴近涨停价，按限价单可执行候选处理,100,强势回踩/放量突破,ENTRY_SETUP,13.26-13.36,12.95,14.29
2026-06-30,002654,万润科技,21.12,4.35,7.29,1.24,17853000000.0,82.0,低,A,TRADE,BUY_CANDIDATE,1-3个交易日,BUYABLE,未贴近涨停价，按限价单可执行候选处理,100,强势回踩/放量突破,ENTRY_SETUP,20.87-21.03,20.38,22.49
2026-06-30,600176,中国巨石,74.12,4.42,3.31,1.2,296712000000.0,82.0,低,A,TRADE,BUY_CANDIDATE,1-3个交易日,BUYABLE,未贴近涨停价，按限价单可执行候选处理,100,强势回踩/放量突破,ENTRY_SETUP,73.23-73.81,71.53,78.94
2026-06-30,002185,华天科技,22.59,3.06,9.38,1.09,75076000000.0,82.0,低,A,TRADE,BUY_CANDIDATE,1-3个交易日,BUYABLE,未贴近涨停价，按限价单可执行候选处理,100,强势回踩/放量突破,ENTRY_SETUP,22.32-22.50,21.8,24.06
2026-06-30,603659,璞泰来,28.36,3.16,1.07,1.08,60798000000.0,82.0,低,A,TRADE,BUY_CANDIDATE,1-3个交易日,BUYABLE,未贴近涨停价，按限价单可执行候选处理,100,强势回踩/放量突破,ENTRY_SETUP,28.02-28.24,27.37,30.2
2026-06-30,600893,航发动力,38.51,3.3,0.76,1.07,102652000000.0,82.0,低,A,TRADE,BUY_CANDIDATE,1-3个交易日,BUYABLE,未贴近涨停价，按限价单可执行候选处理,100,强势回踩/放量突破,ENTRY_SETUP,38.05-38.35,37.16,41.01
2026-06-30,002156,通富微电,75.17,3.57,6.43,1.05,114078000000.0,82.0,低,A,TRADE,BUY_CANDIDATE,1-3个交易日,BUYABLE,未贴近涨停价，按限价单可执行候选处理,100,强势回踩/放量突破,ENTRY_SETUP,74.27-74.85,72.54,80.06
2026-06-30,600522,中天科技,61.29,4.16,5.07,1.04,209180000000.0,82.0,低,A,TRADE,BUY_CANDIDATE,1-3个交易日,BUYABLE,未贴近涨停价，按限价单可执行候选处理,100,强势回踩/放量突破,ENTRY_SETUP,60.55-61.03,59.14,65.27
2026-06-30,300017,网宿科技,13.07,4.39,2.92,1.02,32619000000.0,82.0,低,A,TRADE,BUY_CANDIDATE,1-3个交易日,BUYABLE,未贴近涨停价，按限价单可执行候选处理,100,强势回踩/放量突破,ENTRY_SETUP,12.91-13.02,12.61,13.92
2026-06-30,300442,润泽科技,78.67,3.24,1.09,0.85,129117000000.0,82.0,低,A,TRADE,BUY_CANDIDATE,1-3个交易日,BUYABLE,未贴近涨停价，按限价单可执行候选处理,100,强势回踩/放量突破,ENTRY_SETUP,77.73-78.34,75.92,83.78
2026-06-30,002213,大为股份,35.98,4.41,4.07,0.77,8545000000.0,82.0,低,B,WATCH,WATCH_CANDIDATE,1-3个交易日,BUYABLE,未贴近涨停价，按限价单可执行候选处理,100,强势回踩/放量突破,ENTRY_SETUP,35.55-35.83,34.72,38.32
